"","label","Order","predator_Marchant","detritivore_Marchant","grazer_Marchant","shredder_Marchant","filterer_Marchant","Trop1_botwe","Trop2_botwe","Trop3_botwe","Trop4_botwe","Trop5_botwe","C_Maxwell","P_Maxwell","SH_Maxwell","C_SH_Maxwell","SC_Maxwell","PA_Maxwell","C_SC_Maxwell","F_Maxwell","Shredder_proportion_of_feeding_genus_Chessman2017","Scraper_proportion_of_feeding_genus_Chessman2017","Predator_proportion_of_feeding_genus_Chessman2017","Gatherer_proportion_of_feeding_genus_Chessman2017","Filterer_proportion_of_feeding_genus_Chessman2017"
"1","Cosmioperla","Plecoptera",1,0,0,0,0,NA,NA,NA,NA,NA,NA,NA,NA,NA,NA,NA,NA,NA,NA,NA,NA,NA,NA
"2","Cosmioperla","Plecoptera",NA,NA,NA,NA,NA,NA,NA,NA,NA,NA,NA,NA,NA,NA,NA,NA,NA,NA,0,0,0.5,0.5,0
"3","Batrachomatus","Coleoptera",1,NA,NA,NA,NA,NA,NA,NA,NA,NA,NA,NA,NA,NA,NA,NA,NA,NA,NA,NA,NA,NA,NA
"4","Batrachomatus","Coleoptera",1,0,0,0,0,NA,NA,NA,NA,NA,NA,NA,NA,NA,NA,NA,NA,NA,0,0,1,0,0
"5","Hydaticus","Coleoptera",NA,NA,NA,NA,NA,0,0,0,1,0,NA,NA,NA,NA,NA,NA,NA,NA,NA,NA,NA,NA,NA
"6","Hydaticus","Coleoptera",NA,NA,NA,NA,NA,NA,NA,NA,NA,NA,NA,NA,NA,NA,NA,NA,NA,NA,0,0,1,0,0
"7","Liodessus","Coleoptera",NA,NA,NA,NA,NA,NA,NA,NA,NA,NA,0,1,0,0,0,0,0,0,0,0,1,0,0
"8","Limbodessus","Coleoptera",1,0,0,0,0,0,0,0,1,0,0,1,0,0,0,0,0,0,NA,NA,NA,NA,NA
"9","Limbodessus","Coleoptera",1,0,0,0,0,0,0,0,1,0,NA,NA,NA,NA,NA,NA,NA,NA,NA,NA,NA,NA,NA
"10","Limbodessus","Coleoptera",1,0,0,0,0,NA,NA,NA,NA,NA,NA,NA,NA,NA,NA,NA,NA,NA,NA,NA,NA,NA,NA
"11","Limbodessus","Coleoptera",1,0,0,0,0,0,0,0,1,0,0,1,0,0,0,0,0,0,NA,NA,NA,NA,NA
"12","Limbodessus","Coleoptera",NA,NA,NA,NA,NA,NA,NA,NA,NA,NA,NA,NA,NA,NA,NA,NA,NA,NA,0,0,1,0,0
"13","Limbodessus","Coleoptera",NA,NA,NA,NA,NA,0,0,0,1,0,NA,NA,NA,NA,NA,NA,NA,NA,0,0,1,0,0
"14","Allodessus","Coleoptera",1,0,0,0,0,0,0,0,1,0,0,1,0,0,0,0,0,0,NA,NA,NA,NA,NA
"15","Allodessus","Coleoptera",NA,NA,NA,NA,NA,0,0,0,1,0,NA,NA,NA,NA,NA,NA,NA,NA,NA,NA,NA,NA,NA
"16","Allodessus","Coleoptera",NA,NA,NA,NA,NA,NA,NA,NA,NA,NA,NA,NA,NA,NA,NA,NA,NA,NA,0,0,1,0,0
"17","Gibbidessus","Coleoptera",1,0,0,0,0,NA,NA,NA,NA,NA,NA,NA,NA,NA,NA,NA,NA,NA,NA,NA,NA,NA,NA
"18","Hyphydrus","Coleoptera",NA,NA,NA,NA,NA,0,0,0,1,0,0,1,0,0,0,0,0,0,NA,NA,NA,NA,NA
"19","Hyphydrus","Coleoptera",NA,NA,NA,NA,NA,0,0,0,1,0,0,1,0,0,0,0,0,0,NA,NA,NA,NA,NA
"20","Hyphydrus","Coleoptera",NA,NA,NA,NA,NA,NA,NA,NA,NA,NA,NA,NA,NA,NA,NA,NA,NA,NA,NA,NA,NA,NA,NA
"21","Hyphydrus","Coleoptera",NA,NA,NA,NA,NA,NA,NA,NA,NA,NA,0,1,0,0,0,0,0,0,0,0,1,0,0
"22","Hydrovatus","Coleoptera",NA,NA,NA,NA,NA,0,0,0,1,0,NA,NA,NA,NA,NA,NA,NA,NA,NA,NA,NA,NA,NA
"23","Hydrovatus","Coleoptera",NA,NA,NA,NA,NA,0,0,0,1,0,0,1,0,0,0,0,0,0,NA,NA,NA,NA,NA
"24","Hydrovatus","Coleoptera",NA,NA,NA,NA,NA,NA,NA,NA,NA,NA,NA,NA,NA,NA,NA,NA,NA,NA,0,0,1,0,0
"25","Chostonectes","Coleoptera",1,0,0,0,0,0,0,0,1,0,0,1,0,0,0,0,0,0,NA,NA,NA,NA,NA
"26","Chostonectes","Coleoptera",NA,NA,NA,NA,NA,0,0,0,1,0,0,1,0,0,0,0,0,0,NA,NA,NA,NA,NA
"27","Chostonectes","Coleoptera",1,0,0,0,0,NA,NA,NA,NA,NA,NA,NA,NA,NA,NA,NA,NA,NA,NA,NA,NA,NA,NA
"28","Chostonectes","Coleoptera",1,0,0,0,0,NA,NA,NA,NA,NA,NA,NA,NA,NA,NA,NA,NA,NA,NA,NA,NA,NA,NA
"29","Chostonectes","Coleoptera",1,0,0,0,0,NA,NA,NA,NA,NA,NA,NA,NA,NA,NA,NA,NA,NA,0,0,1,0,0
"30","Megaporus","Coleoptera",NA,NA,NA,NA,NA,0,0,0,1,0,0,1,0,0,0,0,0,0,NA,NA,NA,NA,NA
"31","Megaporus","Coleoptera",NA,NA,NA,NA,NA,0,0,0,1,0,0,1,0,0,0,0,0,0,NA,NA,NA,NA,NA
"32","Megaporus","Coleoptera",NA,NA,NA,NA,NA,0,0,0,1,0,0,1,0,0,0,0,0,0,NA,NA,NA,NA,NA
"33","Megaporus","Coleoptera",NA,NA,NA,NA,NA,NA,NA,NA,NA,NA,NA,NA,NA,NA,NA,NA,NA,NA,0,0,1,0,0
"34","Megaporus","Coleoptera",NA,NA,NA,NA,NA,0,0,0,1,0,NA,NA,NA,NA,NA,NA,NA,NA,0,0,1,0,0
"35","Antiporus","Coleoptera",1,0,0,0,0,0,0,0,1,0,0,1,0,0,0,0,0,0,NA,NA,NA,NA,NA
"36","Antiporus","Coleoptera",1,0,0,0,0,0,0,0,1,0,NA,NA,NA,NA,NA,NA,NA,NA,NA,NA,NA,NA,NA
"37","Antiporus","Coleoptera",NA,NA,NA,NA,NA,0,0,0,1,0,0,1,0,0,0,0,0,0,NA,NA,NA,NA,NA
"38","Antiporus","Coleoptera",1,0,0,0,0,NA,NA,NA,NA,NA,NA,NA,NA,NA,NA,NA,NA,NA,NA,NA,NA,NA,NA
"39","Antiporus","Coleoptera",1,0,0,0,0,NA,NA,NA,NA,NA,NA,NA,NA,NA,NA,NA,NA,NA,NA,NA,NA,NA,NA
"40","Antiporus","Coleoptera",1,0,0,0,0,NA,NA,NA,NA,NA,NA,NA,NA,NA,NA,NA,NA,NA,NA,NA,NA,NA,NA
"41","Antiporus","Coleoptera",1,0,0,0,0,NA,NA,NA,NA,NA,NA,NA,NA,NA,NA,NA,NA,NA,NA,NA,NA,NA,NA
"42","Antiporus","Coleoptera",NA,NA,NA,NA,NA,NA,NA,NA,NA,NA,0,1,0,0,0,0,0,0,0,0,1,0,0
"43","Tiporus","Coleoptera",NA,NA,NA,NA,NA,NA,NA,NA,NA,NA,NA,NA,NA,NA,NA,NA,NA,NA,0,0,1,0,0
"44","Barretthydrus","Coleoptera",NA,NA,NA,NA,NA,NA,NA,NA,NA,NA,NA,NA,NA,NA,NA,NA,NA,NA,0,0,1,0,0
"45","Sternopriscus","Coleoptera",NA,NA,NA,NA,NA,0,0,0,1,0,0,1,0,0,0,0,0,0,NA,NA,NA,NA,NA
"46","Sternopriscus","Coleoptera",1,0,0,0,0,0,0,0,1,0,0,1,0,0,0,0,0,0,NA,NA,NA,NA,NA
"47","Sternopriscus","Coleoptera",1,0,0,0,0,NA,NA,NA,NA,NA,NA,NA,NA,NA,NA,NA,NA,NA,NA,NA,NA,NA,NA
"48","Sternopriscus","Coleoptera",1,0,0,0,0,0,0,0,1,0,0,1,0,0,0,0,0,0,NA,NA,NA,NA,NA
"49","Sternopriscus","Coleoptera",1,0,0,0,0,0,0,0,1,0,NA,NA,NA,NA,NA,NA,NA,NA,NA,NA,NA,NA,NA
"50","Sternopriscus","Coleoptera",1,0,0,0,0,NA,NA,NA,NA,NA,NA,NA,NA,NA,NA,NA,NA,NA,NA,NA,NA,NA,NA
"51","Sternopriscus","Coleoptera",NA,NA,NA,NA,NA,0,0,0,1,0,0,1,0,0,0,0,0,0,NA,NA,NA,NA,NA
"52","Sternopriscus","Coleoptera",NA,NA,NA,NA,NA,0,0,0,1,0,0,1,0,0,0,0,0,0,NA,NA,NA,NA,NA
"53","Sternopriscus","Coleoptera",1,0,0,0,0,NA,NA,NA,NA,NA,NA,NA,NA,NA,NA,NA,NA,NA,NA,NA,NA,NA,NA
"54","Sternopriscus","Coleoptera",1,0,0,0,0,NA,NA,NA,NA,NA,NA,NA,NA,NA,NA,NA,NA,NA,NA,NA,NA,NA,NA
"55","Sternopriscus","Coleoptera",1,0,0,0,0,NA,NA,NA,NA,NA,NA,NA,NA,NA,NA,NA,NA,NA,NA,NA,NA,NA,NA
"56","Sternopriscus","Coleoptera",NA,NA,NA,NA,NA,NA,NA,NA,NA,NA,0,1,0,0,0,0,0,0,0,0,1,0,0
"57","Carabhydrus","Coleoptera",1,0,0,0,0,NA,NA,NA,NA,NA,NA,NA,NA,NA,NA,NA,NA,NA,NA,NA,NA,NA,NA
"58","Carabhydrus","Coleoptera",1,0,0,0,0,NA,NA,NA,NA,NA,NA,NA,NA,NA,NA,NA,NA,NA,NA,NA,NA,NA,NA
"59","Carabhydrus","Coleoptera",1,0,0,0,0,NA,NA,NA,NA,NA,NA,NA,NA,NA,NA,NA,NA,NA,NA,NA,NA,NA,NA
"60","Carabhydrus","Coleoptera",NA,NA,NA,NA,NA,NA,NA,NA,NA,NA,NA,NA,NA,NA,NA,NA,NA,NA,0,0,1,0,0
"61","Necterosoma","Coleoptera",NA,NA,NA,NA,NA,0,0,0,1,0,0,1,0,0,0,0,0,0,NA,NA,NA,NA,NA
"62","Necterosoma","Coleoptera",1,0,0,0,0,0,0,0,1,0,0,1,0,0,0,0,0,0,NA,NA,NA,NA,NA
"63","Necterosoma","Coleoptera",NA,NA,NA,NA,NA,0,0,0,1,0,0,1,0,0,0,0,0,0,NA,NA,NA,NA,NA
"64","Necterosoma","Coleoptera",1,0,0,0,0,NA,NA,NA,NA,NA,NA,NA,NA,NA,NA,NA,NA,NA,NA,NA,NA,NA,NA
"65","Necterosoma","Coleoptera",1,0,0,0,0,NA,NA,NA,NA,NA,NA,NA,NA,NA,NA,NA,NA,NA,NA,NA,NA,NA,NA
"66","Necterosoma","Coleoptera",NA,NA,NA,NA,NA,0,0,0,1,0,0,1,0,0,0,0,0,0,NA,NA,NA,NA,NA
"67","Necterosoma","Coleoptera",1,0,0,0,0,0,0,0,1,0,0,1,0,0,0,0,0,0,NA,NA,NA,NA,NA
"68","Necterosoma","Coleoptera",1,0,0,0,0,NA,NA,NA,NA,NA,NA,NA,NA,NA,NA,NA,NA,NA,NA,NA,NA,NA,NA
"69","Necterosoma","Coleoptera",1,0,0,0,0,NA,NA,NA,NA,NA,NA,NA,NA,NA,NA,NA,NA,NA,NA,NA,NA,NA,NA
"70","Necterosoma","Coleoptera",1,0,0,0,0,NA,NA,NA,NA,NA,NA,NA,NA,NA,NA,NA,NA,NA,0,0,1,0,0
"71","Hydroglyphus","Coleoptera",NA,NA,NA,NA,NA,NA,NA,NA,NA,NA,NA,NA,NA,NA,NA,NA,NA,NA,0,0,1,0,0
"72","Clypeodytes","Coleoptera",NA,NA,NA,NA,NA,NA,NA,NA,NA,NA,NA,NA,NA,NA,NA,NA,NA,NA,0,0,1,0,0
"73","Lancetes","Coleoptera",NA,NA,NA,NA,NA,0,0,0,1,0,0,1,0,0,0,0,0,0,NA,NA,NA,NA,NA
"74","Lancetes","Coleoptera",NA,NA,NA,NA,NA,0,0,0,1,0,0,1,0,0,0,0,0,0,NA,NA,NA,NA,NA
"75","Lancetes","Coleoptera",NA,NA,NA,NA,NA,NA,NA,NA,NA,NA,NA,NA,NA,NA,NA,NA,NA,NA,NA,NA,NA,NA,NA
"76","Lancetes","Coleoptera",NA,NA,NA,NA,NA,NA,NA,NA,NA,NA,0,1,0,0,0,0,0,0,0,0,1,0,0
"77","Cybister","Coleoptera",NA,NA,NA,NA,NA,0,0,0,1,0,NA,NA,NA,NA,NA,NA,NA,NA,NA,NA,NA,NA,NA
"78","Cybister","Coleoptera",NA,NA,NA,NA,NA,0,0,0,1,0,0,1,0,0,0,0,0,0,NA,NA,NA,NA,NA
"79","Cybister","Coleoptera",NA,NA,NA,NA,NA,NA,NA,NA,NA,NA,NA,NA,NA,NA,NA,NA,NA,NA,0,0,1,0,0
"80","Laccophilus","Coleoptera",NA,NA,NA,NA,NA,0,0,0,1,0,NA,NA,NA,NA,NA,NA,NA,NA,NA,NA,NA,NA,NA
"81","Laccophilus","Coleoptera",NA,NA,NA,NA,NA,NA,NA,NA,NA,NA,NA,NA,NA,NA,NA,NA,NA,NA,0,0,1,0,0
"82","Australphilus","Coleoptera",1,0,0,0,0,NA,NA,NA,NA,NA,NA,NA,NA,NA,NA,NA,NA,NA,NA,NA,NA,NA,NA
"83","Australphilus","Coleoptera",1,0,0,0,0,NA,NA,NA,NA,NA,NA,NA,NA,NA,NA,NA,NA,NA,NA,NA,NA,NA,NA
"84","Australphilus","Coleoptera",NA,NA,NA,NA,NA,NA,NA,NA,NA,NA,NA,NA,NA,NA,NA,NA,NA,NA,0,0,1,0,0
"85","Copelatus","Coleoptera",NA,NA,NA,NA,NA,NA,NA,NA,NA,NA,NA,NA,NA,NA,NA,NA,NA,NA,0,0,1,0,0
"86","Exocelina","Coleoptera",NA,NA,NA,NA,NA,0,0,0,1,0,0,1,0,0,0,0,0,0,NA,NA,NA,NA,NA
"87","Exocelina","Coleoptera",NA,NA,NA,NA,NA,0,0,0,1,0,NA,NA,NA,NA,NA,NA,NA,NA,NA,NA,NA,NA,NA
"88","Exocelina","Coleoptera",NA,NA,NA,NA,NA,NA,NA,NA,NA,NA,0,1,0,0,0,0,0,0,NA,NA,NA,NA,NA
"89","Platynectes","Coleoptera",1,0,0,0,0,0,0,0,1,0,0,1,0,0,0,0,0,0,NA,NA,NA,NA,NA
"90","Platynectes","Coleoptera",NA,NA,NA,NA,NA,0,0,0,1,0,0,1,0,0,0,0,0,0,NA,NA,NA,NA,NA
"91","Platynectes","Coleoptera",NA,NA,NA,NA,NA,NA,NA,NA,NA,NA,0,1,0,0,0,0,0,0,NA,NA,NA,NA,NA
"92","Platynectes","Coleoptera",1,0,0,0,0,NA,NA,NA,NA,NA,NA,NA,NA,NA,NA,NA,NA,NA,0,0,1,0,0
"93","Rhantus","Coleoptera",1,NA,NA,NA,NA,NA,NA,NA,1,NA,NA,1,NA,NA,NA,NA,NA,NA,NA,NA,NA,NA,NA
"94","Rhantus","Coleoptera",NA,NA,NA,NA,NA,NA,NA,NA,NA,NA,NA,NA,NA,NA,NA,NA,NA,NA,0,0,1,0,0
"95","Eretes","Coleoptera",NA,NA,NA,NA,NA,0,0,0,1,0,0,1,0,0,0,0,0,0,NA,NA,NA,NA,NA
"96","Eretes","Coleoptera",NA,NA,NA,NA,NA,0,0,0,1,0,NA,NA,NA,NA,NA,NA,NA,NA,NA,NA,NA,NA,NA
"97","Eretes","Coleoptera",NA,NA,NA,NA,NA,NA,NA,NA,NA,NA,NA,NA,NA,NA,NA,NA,NA,NA,0,0,1,0,0
"98","Hyderodes","Coleoptera",NA,NA,NA,NA,NA,0,0,0,1,0,NA,NA,NA,NA,NA,NA,NA,NA,NA,NA,NA,NA,NA
"99","Hyderodes","Coleoptera",NA,NA,NA,NA,NA,0,0,0,1,0,NA,NA,NA,NA,NA,NA,NA,NA,NA,NA,NA,NA,NA
"100","Hyderodes","Coleoptera",1,0,0,0,0,NA,NA,NA,NA,NA,NA,NA,NA,NA,NA,NA,NA,NA,0,0,1,0,0
"101","Hygrobia","Coleoptera",NA,NA,NA,NA,NA,0,0,0,1,0,NA,NA,NA,NA,NA,NA,NA,NA,NA,NA,NA,NA,NA
"102","Hygrobia","Coleoptera",1,0,0,0,0,NA,NA,NA,NA,NA,NA,NA,NA,NA,NA,NA,NA,NA,0,0,1,0,0
"103","Hydrochus","Coleoptera",NA,NA,NA,NA,NA,NA,NA,NA,NA,NA,0,0,1,0,0,0,0,0,NA,NA,NA,NA,NA
"104","Hydrochus","Coleoptera",0,1,0,0,0,NA,NA,NA,NA,NA,NA,NA,NA,NA,NA,NA,NA,NA,NA,NA,NA,NA,NA
"105","Hydrochus","Coleoptera",0,1,0,0,0,NA,NA,NA,NA,NA,NA,NA,NA,NA,NA,NA,NA,NA,NA,NA,NA,NA,NA
"106","Hydrochus","Coleoptera",0,1,0,0,0,NA,NA,NA,NA,NA,NA,NA,NA,NA,NA,NA,NA,NA,NA,NA,NA,NA,NA
"107","Hydrochus","Coleoptera",0,1,0,0,0,NA,NA,NA,NA,NA,NA,NA,NA,NA,NA,NA,NA,NA,NA,NA,NA,NA,NA
"108","Hydrochus","Coleoptera",0,1,0,0,0,NA,NA,NA,NA,NA,NA,NA,NA,NA,NA,NA,NA,NA,NA,NA,NA,NA,NA
"109","Hydrochus","Coleoptera",0,1,0,0,0,NA,NA,NA,NA,NA,NA,NA,NA,NA,NA,NA,NA,NA,NA,NA,NA,NA,NA
"110","Hydrochus","Coleoptera",0,1,0,0,0,NA,NA,NA,NA,NA,NA,NA,NA,NA,NA,NA,NA,NA,NA,NA,NA,NA,NA
"111","Hydrochus","Coleoptera",0,1,0,0,0,NA,NA,NA,NA,NA,NA,NA,NA,NA,NA,NA,NA,NA,NA,NA,NA,NA,NA
"112","Hydrochus","Coleoptera",0,1,0,0,0,NA,NA,NA,NA,NA,NA,NA,NA,NA,NA,NA,NA,NA,NA,NA,NA,NA,NA
"113","Hydrochus","Coleoptera",0,1,0,0,0,NA,NA,NA,NA,NA,NA,NA,NA,NA,NA,NA,NA,NA,NA,NA,NA,NA,NA
"114","Hydrochus","Coleoptera",0,1,0,0,0,NA,NA,NA,NA,NA,NA,NA,NA,NA,NA,NA,NA,NA,NA,NA,NA,NA,NA
"115","Hydrochus","Coleoptera",0,1,0,0,0,NA,NA,NA,NA,NA,NA,NA,NA,NA,NA,NA,NA,NA,0.5,0,0,0.5,0
"116","Anacaena","Coleoptera",NA,NA,NA,NA,NA,NA,NA,NA,NA,NA,NA,NA,NA,NA,NA,NA,NA,NA,0.5,0,0.5,0,0
"117","Anacaena","Coleoptera",NA,NA,NA,NA,NA,NA,NA,NA,NA,NA,NA,NA,NA,NA,NA,NA,NA,NA,0.5,0,0.5,0,0
"118","Anacaena","Coleoptera",1,0,0,0,0,0,0,0,1,0,0,0,0,0,0,0,0,0,0.5,0,0.5,0,0
"119","Anacaena","Coleoptera",1,0,0,0,0,0,0,0,1,0,0,0,0,0,0,0,0,0,0.5,0,0.5,0,0
"120","Crenitis","Coleoptera",NA,NA,NA,NA,NA,NA,NA,NA,NA,NA,NA,NA,NA,NA,NA,NA,NA,NA,0.5,0,0.5,0,0
"121","Helochares","Coleoptera",NA,NA,NA,NA,NA,0,0,0,1,0,NA,NA,NA,NA,NA,NA,NA,NA,NA,NA,NA,NA,NA
"122","Helochares","Coleoptera",NA,NA,NA,NA,NA,0,0,0,1,0,NA,NA,NA,NA,NA,NA,NA,NA,NA,NA,NA,NA,NA
"123","Helochares","Coleoptera",NA,NA,NA,NA,NA,0,0,0,1,0,NA,NA,NA,NA,NA,NA,NA,NA,NA,NA,NA,NA,NA
"124","Helochares","Coleoptera",1,0,0,0,0,NA,NA,NA,NA,NA,0,0,0,0,0,0,0,0,0.5,0,0.5,0,0
"125","Coelostoma","Coleoptera",NA,NA,NA,NA,NA,0,0,0,1,0,NA,NA,NA,NA,NA,NA,NA,NA,NA,NA,NA,NA,NA
"126","Enochrus","Coleoptera",NA,NA,NA,NA,NA,0,0,0,1,0,0,0,0,0,0,0,0,0,NA,NA,NA,NA,NA
"127","Enochrus","Coleoptera",NA,NA,NA,NA,NA,0,0,0,1,0,0,0,0,0,0,0,0,0,NA,NA,NA,NA,NA
"128","Enochrus","Coleoptera",NA,NA,NA,NA,NA,0,0,0,1,0,0,0,0,0,0,0,0,0,NA,NA,NA,NA,NA
"129","Enochrus","Coleoptera",NA,NA,NA,NA,NA,0,0,0,1,0,NA,NA,NA,NA,NA,NA,NA,NA,NA,NA,NA,NA,NA
"130","Enochrus","Coleoptera",NA,NA,NA,NA,NA,0,0,0,1,0,NA,NA,NA,NA,NA,NA,NA,NA,NA,NA,NA,NA,NA
"131","Enochrus","Coleoptera",NA,NA,NA,NA,NA,0,0,0,1,0,NA,NA,NA,NA,NA,NA,NA,NA,NA,NA,NA,NA,NA
"132","Enochrus","Coleoptera",NA,NA,NA,NA,NA,0,0,0,1,0,0,0,0,0,0,0,0,0,NA,NA,NA,NA,NA
"133","Enochrus","Coleoptera",1,0,0,0,0,NA,NA,NA,NA,NA,NA,NA,NA,NA,NA,NA,NA,NA,0.5,0,0.5,0,0
"134","Paracymus","Coleoptera",1,0,0,0,0,0,0,0,1,0,NA,NA,NA,NA,NA,NA,NA,NA,NA,NA,NA,NA,NA
"135","Paracymus","Coleoptera",NA,NA,NA,NA,NA,NA,NA,NA,NA,NA,0,0,0,0,0,0,0,0,NA,NA,NA,NA,NA
"136","Paracymus","Coleoptera",1,0,0,0,0,NA,NA,NA,NA,NA,NA,NA,NA,NA,NA,NA,NA,NA,0.5,0,0.5,0,0
"137","Hydrophilus","Coleoptera",NA,NA,NA,NA,NA,0,0,0,1,0,NA,NA,NA,NA,NA,NA,NA,NA,NA,NA,NA,NA,NA
"138","Hydrophilus","Coleoptera",NA,NA,NA,NA,NA,0,0,0,1,0,NA,NA,NA,NA,NA,NA,NA,NA,NA,NA,NA,NA,NA
"139","Sternolophus","Coleoptera",NA,NA,NA,NA,NA,0,0,0,1,0,NA,NA,NA,NA,NA,NA,NA,NA,NA,NA,NA,NA,NA
"140","Sternolophus","Coleoptera",NA,NA,NA,NA,NA,NA,NA,NA,NA,NA,0,0,0,0,0,0,0,0,0.5,0,0.5,0,0
"141","Hydrobiomorpha","Coleoptera",NA,NA,NA,NA,NA,NA,NA,NA,NA,NA,NA,NA,NA,NA,NA,NA,NA,NA,0.5,0,0.5,0,0
"142","Limnoxenus","Coleoptera",NA,NA,NA,NA,NA,0,0,0,1,0,0,0,0,0,0,0,0,0,NA,NA,NA,NA,NA
"143","Limnoxenus","Coleoptera",NA,NA,NA,NA,NA,0,0,0,1,0,0,0,0,0,0,0,0,0,NA,NA,NA,NA,NA
"144","Limnoxenus","Coleoptera",NA,NA,NA,NA,NA,NA,NA,NA,NA,NA,0,0,0,0,0,0,0,0,NA,NA,NA,NA,NA
"145","Limnoxenus","Coleoptera",1,0,0,0,0,NA,NA,NA,NA,NA,NA,NA,NA,NA,NA,NA,NA,NA,0.5,0,0.5,0,0
"146","Laccobius","Coleoptera",NA,NA,NA,NA,NA,0,0,0,1,0,0,0,0,0,0,0,0,0,NA,NA,NA,NA,NA
"147","Laccobius","Coleoptera",NA,NA,NA,NA,NA,0,0,0,1,0,NA,NA,NA,NA,NA,NA,NA,NA,NA,NA,NA,NA,NA
"148","Laccobius","Coleoptera",NA,NA,NA,NA,NA,0,0,0,1,0,NA,NA,NA,NA,NA,NA,NA,NA,NA,NA,NA,NA,NA
"149","Laccobius","Coleoptera",NA,NA,NA,NA,NA,NA,NA,NA,NA,NA,NA,NA,NA,NA,NA,NA,NA,NA,0.5,0,0.5,0,0
"150","Laccobius","Coleoptera",NA,NA,NA,NA,NA,0,0,0,1,0,0,0,0,0,0,0,0,0,0.5,0,0.5,0,0
"151","Berosus","Coleoptera",NA,NA,NA,NA,NA,0,0,0,1,0,NA,NA,NA,NA,NA,NA,NA,NA,NA,NA,NA,NA,NA
"152","Berosus","Coleoptera",NA,NA,NA,NA,NA,0,0,0,1,0,0,0,0,0,0,0,0,0,NA,NA,NA,NA,NA
"153","Berosus","Coleoptera",1,0,0,0,0,0,0,0,1,0,NA,NA,NA,NA,NA,NA,NA,NA,NA,NA,NA,NA,NA
"154","Berosus","Coleoptera",NA,NA,NA,NA,NA,NA,NA,NA,NA,NA,0,0,0,0,0,0,0,0,NA,NA,NA,NA,NA
"155","Berosus","Coleoptera",1,0,0,0,0,NA,NA,NA,NA,NA,NA,NA,NA,NA,NA,NA,NA,NA,NA,NA,NA,NA,NA
"156","Berosus","Coleoptera",NA,NA,NA,NA,NA,0,0,0,1,0,NA,NA,NA,NA,NA,NA,NA,NA,NA,NA,NA,NA,NA
"157","Berosus","Coleoptera",NA,NA,NA,NA,NA,0,0,0,1,0,0,0,0,0,0,0,0,0,NA,NA,NA,NA,NA
"158","Berosus","Coleoptera",NA,NA,NA,NA,NA,0,0,0,1,0,0,0,0,0,0,0,0,0,NA,NA,NA,NA,NA
"159","Berosus","Coleoptera",1,0,0,0,0,0,0,0,1,0,NA,NA,NA,NA,NA,NA,NA,NA,NA,NA,NA,NA,NA
"160","Berosus","Coleoptera",NA,NA,NA,NA,NA,0,0,0,1,0,0,0,0,0,0,0,0,0,NA,NA,NA,NA,NA
"161","Berosus","Coleoptera",NA,NA,NA,NA,NA,0,0,0,1,0,0,0,0,0,0,0,0,0,NA,NA,NA,NA,NA
"162","Berosus","Coleoptera",NA,NA,NA,NA,NA,0,0,0,1,0,NA,NA,NA,NA,NA,NA,NA,NA,NA,NA,NA,NA,NA
"163","Berosus","Coleoptera",1,0,0,0,0,NA,NA,NA,NA,NA,NA,NA,NA,NA,NA,NA,NA,NA,NA,NA,NA,NA,NA
"164","Berosus","Coleoptera",1,0,0,0,0,NA,NA,NA,NA,NA,NA,NA,NA,NA,NA,NA,NA,NA,0.5,0,0.5,0,0
"165","Spercheus","Coleoptera",NA,NA,NA,NA,NA,NA,NA,NA,NA,NA,NA,NA,NA,NA,NA,NA,NA,NA,0,0,0.5,0,0.5
"166","Hydraena","Coleoptera",0,1,0,0,0,NA,NA,NA,NA,NA,NA,NA,NA,NA,NA,NA,NA,NA,NA,NA,NA,NA,NA
"167","Hydraena","Coleoptera",NA,NA,NA,NA,NA,NA,NA,NA,NA,NA,NA,NA,NA,NA,NA,NA,NA,NA,0,0.5,0.5,0,0
"168","Ochthebius","Coleoptera",0,1,0,0,0,NA,NA,NA,NA,NA,NA,NA,NA,NA,NA,NA,NA,NA,NA,NA,NA,NA,NA
"169","Ochthebius","Coleoptera",0,1,0,0,0,NA,NA,NA,NA,NA,NA,NA,NA,NA,NA,NA,NA,NA,NA,NA,NA,NA,NA
"170","Ochthebius","Coleoptera",0,1,0,0,0,NA,NA,NA,NA,NA,NA,NA,NA,NA,NA,NA,NA,NA,0,0.5,0.5,0,0
"171","Gymnochthebius","Coleoptera",NA,NA,NA,NA,NA,NA,NA,NA,NA,NA,NA,NA,NA,NA,NA,NA,NA,NA,0,0.5,0.5,0,0
"172","Bagous","Coleoptera",NA,NA,NA,NA,NA,NA,NA,NA,NA,NA,NA,NA,NA,NA,NA,NA,NA,NA,1,0,0,0,0
"173","Sitona","Coleoptera",NA,NA,NA,NA,NA,NA,NA,NA,NA,NA,NA,NA,NA,NA,NA,NA,NA,NA,1,0,0,0,0
"174","Limnichus","Coleoptera",NA,NA,NA,NA,NA,1,0,0,0,0,NA,NA,NA,NA,NA,NA,NA,NA,NA,NA,NA,NA,NA
"175","Limnichus","Coleoptera",NA,NA,NA,NA,NA,NA,NA,NA,NA,NA,NA,NA,NA,NA,NA,NA,NA,NA,0,0,0,1,0
"176","Heterocerus","Coleoptera",NA,NA,NA,NA,NA,NA,NA,NA,NA,NA,NA,NA,NA,NA,NA,NA,NA,NA,0,0,0,1,0
"177","Stetholus","Coleoptera",NA,NA,NA,NA,NA,NA,NA,NA,NA,NA,NA,NA,NA,NA,NA,NA,NA,NA,1,0,0,0,0
"178","Sclerocyphon","Coleoptera",0,0,1,0,0,NA,NA,NA,NA,NA,NA,NA,NA,NA,NA,NA,NA,NA,NA,NA,NA,NA,NA
"179","Sclerocyphon","Coleoptera",0,0,1,0,0,NA,NA,NA,NA,NA,NA,NA,NA,NA,NA,NA,NA,NA,NA,NA,NA,NA,NA
"180","Sclerocyphon","Coleoptera",0,0,1,0,0,NA,NA,NA,NA,NA,NA,NA,NA,NA,NA,NA,NA,NA,NA,NA,NA,NA,NA
"181","Sclerocyphon","Coleoptera",0,0,1,0,0,NA,NA,NA,NA,NA,NA,NA,NA,NA,NA,NA,NA,NA,NA,NA,NA,NA,NA
"182","Sclerocyphon","Coleoptera",0,0,1,0,0,NA,NA,NA,NA,NA,NA,NA,NA,NA,NA,NA,NA,NA,NA,NA,NA,NA,NA
"183","Sclerocyphon","Coleoptera",0,0,1,0,0,NA,NA,NA,NA,NA,NA,NA,NA,NA,NA,NA,NA,NA,NA,NA,NA,NA,NA
"184","Sclerocyphon","Coleoptera",0,0,1,0,0,NA,NA,NA,NA,NA,NA,NA,NA,NA,NA,NA,NA,NA,0,1,0,0,0
"185","Limnophora","Diptera",NA,NA,NA,NA,NA,NA,NA,NA,NA,NA,NA,NA,NA,NA,NA,NA,NA,NA,0,0,1,0,0
"186","Odontomyia","Diptera",NA,NA,NA,NA,NA,NA,NA,NA,NA,NA,NA,NA,NA,NA,NA,NA,NA,NA,0,0,0,1,0
"187","Odontomyia","Diptera",NA,NA,NA,NA,NA,1,0,0,0,0,NA,NA,NA,NA,NA,NA,NA,NA,0,0,0,1,0
"188","Stictocladius","Diptera",0,1,0,0,0,1,0,0,0,0,0,0,0,0,0,0,1,0,NA,NA,NA,NA,NA
"189","Stictocladius","Diptera",NA,NA,NA,NA,NA,NA,NA,NA,NA,NA,0,0,0,0,0,0,1,0,0,0,0,1,0
"190","Parakiefferiella","Diptera",0,1,0,0,0,1,0,0,0,0,0,0,0,0,0,0,1,0,NA,NA,NA,NA,NA
"191","Parakiefferiella","Diptera",NA,NA,NA,NA,NA,NA,NA,NA,NA,NA,0,0,0,0,0,0,1,0,0,0,0,1,0
"192","Parametriocnemus","Diptera",NA,NA,NA,NA,NA,NA,NA,NA,NA,NA,0,0,0,0,0,0,1,0,0,0,0,1,0
"193","Parametriocnemus","Diptera",0,1,0,0,0,1,0,0,0,0,0,0,0,0,0,0,1,0,NA,NA,NA,NA,NA
"194","Cricotopus","Diptera",NA,NA,NA,NA,NA,NA,NA,NA,NA,NA,0,0,0,0,0,0,1,0,0.333333333333333,0.333333333333333,0,0.333333333333333,0
"195","Cricotopus","Diptera",0,1,0,0,0,1,0,0,0,0,0,0,0,0,0,0,1,0,NA,NA,NA,NA,NA
"196","Orthocladius","Diptera",NA,NA,NA,NA,NA,NA,NA,NA,NA,NA,0,0,0,0,0,0,1,0,0,0,0,1,0
"197","Orthocladius","Diptera",NA,NA,NA,NA,NA,NA,NA,NA,NA,NA,NA,NA,NA,NA,NA,NA,NA,NA,NA,NA,NA,NA,NA
"198","Botryocladius","Diptera",NA,NA,NA,NA,NA,NA,NA,NA,NA,NA,0,0,0,0,0,0,1,0,0,1,0,0,0
"199","Botryocladius","Diptera",0,1,0,0,0,NA,NA,NA,NA,NA,NA,NA,NA,NA,NA,NA,NA,NA,NA,NA,NA,NA,NA
"200","Echinocladius","Diptera",NA,NA,NA,NA,NA,NA,NA,NA,NA,NA,0,0,0,0,0,0,1,0,0,0,0,1,0
"201","Echinocladius","Diptera",0,1,0,0,0,NA,NA,NA,NA,NA,NA,NA,NA,NA,NA,NA,NA,NA,NA,NA,NA,NA,NA
"202","Pirara","Diptera",NA,NA,NA,NA,NA,NA,NA,NA,NA,NA,0,0,0,0,0,0,1,0,0,1,0,0,0
"203","Pirara","Diptera",0,1,0,0,0,NA,NA,NA,NA,NA,NA,NA,NA,NA,NA,NA,NA,NA,NA,NA,NA,NA,NA
"204","Paratrichocladius","Diptera",NA,NA,NA,NA,NA,NA,NA,NA,NA,NA,0,0,0,0,0,0,1,0,0,0,0,1,0
"205","Paratrichocladius","Diptera",0,1,0,0,0,1,0,0,0,0,0,0,0,0,0,0,1,0,NA,NA,NA,NA,NA
"206","Limnophyes","Diptera",NA,NA,NA,NA,NA,NA,NA,NA,NA,NA,0,0,0,0,0,0,1,0,0,0,0,1,0
"207","Limnophyes","Diptera",0,1,0,0,0,1,0,0,0,0,0,0,0,0,0,0,1,0,NA,NA,NA,NA,NA
"208","Mesosmittia","Diptera",NA,NA,NA,NA,NA,NA,NA,NA,NA,NA,0,0,0,0,0,0,1,0,0,0,0,1,0
"209","Mesosmittia","Diptera",NA,NA,NA,NA,NA,NA,NA,NA,NA,NA,NA,NA,NA,NA,NA,NA,NA,NA,NA,NA,NA,NA,NA
"210","Rheocricotopus","Diptera",0,1,0,0,0,1,0,0,0,0,NA,NA,NA,NA,NA,NA,NA,NA,NA,NA,NA,NA,NA
"211","Rheocricotopus","Diptera",NA,NA,NA,NA,NA,NA,NA,NA,NA,NA,0,0,0,0,0,0,1,0,0.25,0.25,0.25,0.25,0
"212","Eukiefferiella","Diptera",NA,NA,NA,NA,NA,NA,NA,NA,NA,NA,0,0,0,0,0,0,1,0,0.25,0.25,0.25,0.25,0
"213","Eukiefferiella","Diptera",0,1,0,0,0,1,0,0,0,0,0,0,0,0,0,0,1,0,NA,NA,NA,NA,NA
"214","Pseudosmittia","Diptera",NA,NA,NA,NA,NA,NA,NA,NA,NA,NA,0,0,0,0,0,0,1,0,0,0,0,1,0
"215","Pseudosmittia","Diptera",NA,NA,NA,NA,NA,NA,NA,NA,NA,NA,NA,NA,NA,NA,NA,NA,NA,NA,NA,NA,NA,NA,NA
"216","Nanocladius","Diptera",0,1,0,0,0,1,0,0,0,0,0,0,0,0,0,0,1,0,NA,NA,NA,NA,NA
"217","Nanocladius","Diptera",NA,NA,NA,NA,NA,NA,NA,NA,NA,NA,0,0,0,0,0,0,1,0,0,0.333333333333333,0.333333333333333,0.333333333333333,0
"218","Psectrocladius","Diptera",NA,NA,NA,NA,NA,NA,NA,NA,NA,NA,0,0,0,0,0,0,1,0,0.5,0,0,0.5,0
"219","Psectrocladius","Diptera",NA,NA,NA,NA,NA,NA,NA,NA,NA,NA,NA,NA,NA,NA,NA,NA,NA,NA,NA,NA,NA,NA,NA
"220","Thienemanniella","Diptera",0,1,0,0,0,1,0,0,0,0,0,0,0,0,0,0,1,0,NA,NA,NA,NA,NA
"221","Thienemanniella","Diptera",NA,NA,NA,NA,NA,NA,NA,NA,NA,NA,0,0,0,0,0,0,1,0,0,0,0,0.5,0.5
"222","Corynoneura","Diptera",0,1,0,0,0,1,0,0,0,0,0,0,0,0,0,0,1,0,NA,NA,NA,NA,NA
"223","Corynoneura","Diptera",NA,NA,NA,NA,NA,NA,NA,NA,NA,NA,0,0,0,0,0,0,1,0,0,0,0,0.5,0.5
"224","Parochlus","Diptera",NA,NA,NA,NA,NA,NA,NA,NA,NA,NA,NA,NA,NA,NA,NA,NA,NA,NA,0,0,0,1,0
"225","Parochlus","Diptera",NA,NA,NA,NA,NA,1,0,0,0,0,NA,NA,NA,NA,NA,NA,NA,NA,0,0,0,1,0
"226","Podochlus","Diptera",0,1,0,0,0,NA,NA,NA,NA,NA,NA,NA,NA,NA,NA,NA,NA,NA,0,0,0,1,0
"227","Podonomopsis","Diptera",0,1,0,0,0,1,0,0,0,0,0,0,0,0,1,0,0,0,0,0,0,1,0
"228","Larsia","Diptera",0,1,0,0,0,0,0,0,1,0,0,1,0,0,0,0,0,0,0,0,1,0,0
"229","Nilotanypus","Diptera",0,1,0,0,0,NA,NA,NA,NA,NA,NA,NA,NA,NA,NA,NA,NA,NA,0,0,1,0,0
"230","Ablabesmyia","Diptera",1,0,0,0,0,0,0,0,1,0,0,1,0,0,0,0,0,0,0,0,1,0,0
"231","Australopelopia","Diptera",NA,NA,NA,NA,NA,NA,NA,NA,NA,NA,NA,NA,NA,NA,NA,NA,NA,NA,0,0,1,0,0
"232","Pentaneura","Diptera",0,1,0,0,0,NA,NA,NA,NA,NA,NA,NA,NA,NA,NA,NA,NA,NA,0,0,1,0,0
"233","Psectrotanypus","Diptera",NA,NA,NA,NA,NA,NA,NA,NA,NA,NA,NA,NA,NA,NA,NA,NA,NA,NA,0,0,1,0,0
"234","Apsectrotanypus","Diptera",1,0,0,0,0,0,0,0,1,0,0,1,0,0,0,0,0,0,0,0,1,0,0
"235","Procladius","Diptera",NA,NA,NA,NA,NA,0,0,0,1,0,0,1,0,0,0,0,0,0,NA,NA,NA,NA,NA
"236","Procladius","Diptera",1,0,0,0,0,0,0,0,1,0,0,1,0,0,0,0,0,0,0,0,0.5,0.5,0
"237","Fittkauimyia","Diptera",1,0,0,0,0,NA,NA,NA,NA,NA,NA,NA,NA,NA,NA,NA,NA,NA,0,0,1,0,0
"238","Djalmabatista","Diptera",1,0,0,0,0,NA,NA,NA,NA,NA,NA,NA,NA,NA,NA,NA,NA,NA,0,0,1,0,0
"239","Tanypus","Diptera",1,0,0,0,0,NA,NA,NA,NA,NA,NA,NA,NA,NA,NA,NA,NA,NA,0,0,1,0,0
"240","Paracladopelma","Diptera",0,1,0,0,0,1,0,0,0,0,1,0,0,0,0,0,0,0,0,0,0.5,0.5,0
"241","Kiefferulus","Diptera",NA,NA,NA,NA,NA,1,0,0,0,0,NA,NA,NA,NA,NA,NA,NA,NA,NA,NA,NA,NA,NA
"242","Kiefferulus","Diptera",NA,NA,NA,NA,NA,1,0,0,0,0,NA,NA,NA,NA,NA,NA,NA,NA,NA,NA,NA,NA,NA
"243","Kiefferulus","Diptera",0,1,0,0,0,1,0,0,0,0,1,0,0,0,0,0,0,0,NA,NA,NA,NA,NA
"244","Kiefferulus","Diptera",NA,NA,NA,NA,NA,NA,NA,NA,NA,NA,1,0,0,0,0,0,0,0,0,0,0,1,0
"245","Dicrotendipes","Diptera",NA,NA,NA,NA,NA,1,0,0,0,0,NA,NA,NA,NA,NA,NA,NA,NA,NA,NA,NA,NA,NA
"246","Dicrotendipes","Diptera",0,1,0,0,0,1,0,0,0,0,1,0,0,0,0,0,0,0,0.5,0,0,0.5,0
"247","Chironomus","Diptera",NA,NA,NA,NA,NA,1,0,0,0,0,NA,NA,NA,NA,NA,NA,NA,NA,NA,NA,NA,NA,NA
"248","Chironomus","Diptera",NA,NA,NA,NA,NA,1,0,0,0,0,NA,NA,NA,NA,NA,NA,NA,NA,NA,NA,NA,NA,NA
"249","Chironomus","Diptera",NA,NA,NA,NA,NA,1,0,0,0,0,NA,NA,NA,NA,NA,NA,NA,NA,NA,NA,NA,NA,NA
"250","Chironomus","Diptera",0,1,0,0,0,1,0,0,0,0,1,0,0,0,0,0,0,0,0.333333333333333,0,0,0.333333333333333,0.333333333333333
"251","Cryptochironomus","Diptera",0,1,0,0,0,1,0,0,0,0,1,0,0,0,0,0,0,0,0.333333333333333,0,0.333333333333333,0.333333333333333,0
"252","Harnischia","Diptera",0,1,0,0,0,1,0,0,0,0,1,0,0,0,0,0,0,0,0.5,0,0,0.5,0
"253","Parachironomus","Diptera",0,1,0,0,0,1,0,0,0,0,1,0,0,0,0,0,0,0,0.333333333333333,0,0.333333333333333,0.333333333333333,0
"254","Imparipecten","Diptera",0,1,0,0,0,NA,NA,NA,NA,NA,NA,NA,NA,NA,NA,NA,NA,NA,1,0,0,0,0
"255","Nilothauma","Diptera",0,1,0,0,0,1,0,0,0,0,NA,NA,NA,NA,NA,NA,NA,NA,0,0,0,0,1
"256","Polypedilum","Diptera",0,1,0,0,0,NA,NA,NA,NA,NA,NA,NA,NA,NA,NA,NA,NA,NA,NA,NA,NA,NA,NA
"257","Polypedilum","Diptera",NA,NA,NA,NA,NA,1,0,0,0,0,NA,NA,NA,NA,NA,NA,NA,NA,NA,NA,NA,NA,NA
"258","Polypedilum","Diptera",NA,NA,NA,NA,NA,1,0,0,0,0,NA,NA,NA,NA,NA,NA,NA,NA,NA,NA,NA,NA,NA
"259","Polypedilum","Diptera",NA,NA,NA,NA,NA,1,0,0,0,0,NA,NA,NA,NA,NA,NA,NA,NA,NA,NA,NA,NA,NA
"260","Polypedilum","Diptera",0,1,0,0,0,1,0,0,0,0,1,0,0,0,0,0,0,0,NA,NA,NA,NA,NA
"261","Polypedilum","Diptera",NA,NA,NA,NA,NA,NA,NA,NA,NA,NA,1,0,0,0,0,0,0,0,NA,NA,NA,NA,NA
"262","Polypedilum","Diptera",NA,NA,NA,NA,NA,NA,NA,NA,NA,NA,1,0,0,0,0,0,0,0,0.333333333333333,0.333333333333333,0,0.333333333333333,0
"263","Stenochironomus","Diptera",0,1,0,0,0,1,0,0,0,0,1,0,0,0,0,0,0,0,1,0,0,0,0
"264","Harrisius","Diptera",0,1,0,0,0,1,0,0,0,0,1,0,0,0,0,0,0,0,1,0,0,0,0
"265","Stictochironomus","Diptera",0,1,0,0,0,NA,NA,NA,NA,NA,NA,NA,NA,NA,NA,NA,NA,NA,0.5,0,0,0.5,0
"266","Riethia","Diptera",0,1,0,0,0,1,0,0,0,0,1,0,0,0,0,0,0,0,1,0,0,0,0
"267","Stempellina","Diptera",0,1,0,0,0,0,1,0,0,0,1,0,0,0,0,0,0,0,0,0,0,1,0
"268","Paratanytarsus","Diptera",0,1,0,0,0,0,1,0,0,0,1,0,0,0,0,0,0,0,0,0,0,1,0
"269","Rheotanytarsus","Diptera",0,1,0,0,0,0,1,0,0,0,1,0,0,0,0,0,0,0,0,0,0,0,1
"270","Cladotanytarsus","Diptera",0,1,0,0,0,0,1,0,0,0,1,0,0,0,0,0,0,0,0,0,0,0.5,0.5
"271","Tanytarsus","Diptera",NA,NA,NA,NA,NA,0,1,0,0,0,NA,NA,NA,NA,NA,NA,NA,NA,NA,NA,NA,NA,NA
"272","Tanytarsus","Diptera",0,1,0,0,0,0,1,0,0,0,1,0,0,0,0,0,0,0,0,0,0,0.5,0.5
"273","Zavreliella","Diptera",0,1,0,0,0,NA,NA,NA,NA,NA,NA,NA,NA,NA,NA,NA,NA,NA,0,0,0,1,0
"274","Microtendipes","Diptera",NA,NA,NA,NA,NA,NA,NA,NA,NA,NA,NA,NA,NA,NA,NA,NA,NA,NA,0,0,0,0.5,0.5
"275","Paraborniella","Diptera",0,1,0,0,0,1,0,0,0,0,1,0,0,0,0,0,0,0,0,0,0,1,0
"276","Skusella","Diptera",NA,NA,NA,NA,NA,NA,NA,NA,NA,NA,NA,NA,NA,NA,NA,NA,NA,NA,0,0,0,1,0
"277","Conochironomus","Diptera",0,1,0,0,0,NA,NA,NA,NA,NA,NA,NA,NA,NA,NA,NA,NA,NA,0,0,0,1,0
"278","Austrobrillia","Diptera",NA,NA,NA,NA,NA,NA,NA,NA,NA,NA,0,0,0,0,0,0,1,0,1,0,0,0,0
"279","Austrobrillia","Diptera",0,1,0,0,0,NA,NA,NA,NA,NA,NA,NA,NA,NA,NA,NA,NA,NA,NA,NA,NA,NA,NA
"280","Paraheptagyia","Diptera",0,1,0,0,0,1,0,0,0,0,0,0,0,0,0,0,1,0,0,1,0,0,0
"281","Aphrotenia","Diptera",0,1,0,0,0,NA,NA,NA,NA,NA,NA,NA,NA,NA,NA,NA,NA,NA,1,0,0,0,0
"282","Aphroteniella","Diptera",0,1,0,0,0,1,0,0,0,0,1,0,0,0,0,0,0,0,1,0,0,0,0
"283","Culicoides","Diptera",NA,NA,NA,NA,NA,NA,NA,NA,NA,NA,NA,NA,NA,NA,NA,NA,NA,NA,0,0,0.5,0.5,0
"284","Culicoides","Diptera",NA,NA,NA,NA,NA,0,0,0,1,0,NA,NA,NA,NA,NA,NA,NA,NA,0,0,0.5,0.5,0
"285","Dasyhelea","Diptera",0,1,0,0,0,0,0,0,1,0,0,1,0,0,0,0,0,0,0,0.5,0,0.5,0
"286","Atrichopogon","Diptera",0,1,0,0,0,NA,NA,NA,NA,NA,0,1,0,0,0,0,0,0,NA,NA,NA,NA,NA
"287","Atrichopogon","Diptera",0,1,0,0,0,NA,NA,NA,NA,NA,NA,NA,NA,NA,NA,NA,NA,NA,0,0.5,0,0.5,0
"288","Forcipomyia","Diptera",NA,NA,NA,NA,NA,NA,NA,NA,NA,NA,NA,NA,NA,NA,NA,NA,NA,NA,0,0.5,0,0.5,0
"289","Forcipomyia","Diptera",NA,NA,NA,NA,NA,0,0,0,1,0,0,1,0,0,0,0,0,0,0,0.5,0,0.5,0
"290","Chaoborus","Diptera",NA,NA,NA,NA,NA,NA,NA,NA,NA,NA,NA,NA,NA,NA,NA,NA,NA,NA,0,0,1,0,0
"291","Chaoborus","Diptera",NA,NA,NA,NA,NA,0,0,0,1,0,0,1,0,0,0,0,0,0,0,0,1,0,0
"292","Culex","Diptera",0,0,0,0,1,NA,NA,NA,NA,NA,NA,NA,NA,NA,NA,NA,NA,NA,NA,NA,NA,NA,NA
"293","Culex","Diptera",0,0,0,0,1,NA,NA,NA,NA,NA,NA,NA,NA,NA,NA,NA,NA,NA,NA,NA,NA,NA,NA
"294","Culex","Diptera",NA,NA,NA,NA,NA,NA,NA,NA,NA,NA,NA,NA,NA,NA,NA,NA,NA,NA,0.5,0,0,0,0.5
"295","Aedes","Diptera",0,0,0,0,1,0,1,0,0,0,1,0,0,0,0,0,0,0,0.333333333333333,0.333333333333333,0,0.333333333333333,0
"296","Coquillettidia","Diptera",NA,NA,NA,NA,NA,NA,NA,NA,NA,NA,NA,NA,NA,NA,NA,NA,NA,NA,0,0,0,0,1
"297","Anopheles","Diptera",0,0,0,0,1,NA,NA,NA,NA,NA,1,0,0,0,0,0,0,0,NA,NA,NA,NA,NA
"298","Anopheles","Diptera",0,0,0,0,1,NA,NA,NA,NA,NA,NA,NA,NA,NA,NA,NA,NA,NA,NA,NA,NA,NA,NA
"299","Anopheles","Diptera",NA,NA,NA,NA,NA,NA,NA,NA,NA,NA,NA,NA,NA,NA,NA,NA,NA,NA,0,0,0,0,1
"300","Agapetus","Trichoptera",0,0,1,0,0,NA,NA,NA,NA,NA,NA,NA,NA,NA,NA,NA,NA,NA,NA,NA,NA,NA,NA
"301","Agapetus","Trichoptera",0,0,1,0,0,NA,NA,NA,NA,NA,NA,NA,NA,NA,NA,NA,NA,NA,0,1,0,0,0
"302","Apsilochorema","Trichoptera",1,0,0,0,0,0,0,0,1,0,0,1,0,0,0,0,0,0,NA,NA,NA,NA,NA
"303","Apsilochorema","Trichoptera",1,0,0,0,0,NA,NA,NA,NA,NA,NA,NA,NA,NA,NA,NA,NA,NA,NA,NA,NA,NA,NA
"304","Apsilochorema","Trichoptera",1,0,0,0,0,0,0,0,1,0,NA,NA,NA,NA,NA,NA,NA,NA,0,0,1,0,0
"305","Hydroptila","Trichoptera",0,1,0,0,0,NA,NA,NA,NA,NA,NA,NA,NA,NA,NA,NA,NA,NA,NA,NA,NA,NA,NA
"306","Hydroptila","Trichoptera",0,1,0,0,0,0,0,1,0,0,0,0,0,0,1,0,0,0,NA,NA,NA,NA,NA
"307","Hydroptila","Trichoptera",0,1,0,0,0,0,0,1,0,0,0,0,0,0,1,0,0,0,NA,NA,NA,NA,NA
"308","Hydroptila","Trichoptera",0,1,0,0,0,0,0,1,0,0,0,0,0,0,1,0,0,0,NA,NA,NA,NA,NA
"309","Hydroptila","Trichoptera",NA,NA,NA,NA,NA,NA,NA,NA,NA,NA,NA,NA,NA,NA,NA,NA,NA,NA,0,1,0,0,0
"310","Oxyethira","Trichoptera",0,1,0,0,0,0,0,1,0,0,NA,NA,NA,NA,NA,NA,NA,NA,NA,NA,NA,NA,NA
"311","Oxyethira","Trichoptera",NA,NA,NA,NA,NA,NA,NA,NA,NA,NA,0,0,0,0,1,0,0,0,NA,NA,NA,NA,NA
"312","Oxyethira","Trichoptera",NA,NA,NA,NA,NA,NA,NA,NA,NA,NA,NA,NA,NA,NA,NA,NA,NA,NA,0,1,0,0,0
"313","Marilia","Trichoptera",0,1,0,0,0,NA,NA,NA,NA,NA,NA,NA,NA,NA,NA,NA,NA,NA,NA,NA,NA,NA,NA
"314","Marilia","Trichoptera",0,1,0,0,0,NA,NA,NA,NA,NA,NA,NA,NA,NA,NA,NA,NA,NA,NA,NA,NA,NA,NA
"315","Marilia","Trichoptera",NA,NA,NA,NA,NA,NA,NA,NA,NA,NA,NA,NA,NA,NA,NA,NA,NA,NA,1,0,0,0,0
"316","Barynema","Trichoptera",0,1,0,0,0,NA,NA,NA,NA,NA,NA,NA,NA,NA,NA,NA,NA,NA,NA,NA,NA,NA,NA
"317","Tasimia","Trichoptera",0,0,1,0,0,NA,NA,NA,NA,NA,NA,NA,NA,NA,NA,NA,NA,NA,NA,NA,NA,NA,NA
"318","Tasimia","Trichoptera",0,0,1,0,0,NA,NA,NA,NA,NA,NA,NA,NA,NA,NA,NA,NA,NA,0,1,0,0,0
"319","Caenota","Trichoptera",0,1,0,0,0,NA,NA,NA,NA,NA,NA,NA,NA,NA,NA,NA,NA,NA,NA,NA,NA,NA,NA
"320","Caenota","Trichoptera",NA,NA,NA,NA,NA,NA,NA,NA,NA,NA,NA,NA,NA,NA,NA,NA,NA,NA,1,0,0,0,0
"321","Caloca","Trichoptera",NA,NA,NA,NA,NA,NA,NA,NA,NA,NA,NA,NA,NA,NA,NA,NA,NA,NA,1,0,0,0,0
"322","Pliocaloca","Trichoptera",NA,NA,NA,NA,NA,NA,NA,NA,NA,NA,NA,NA,NA,NA,NA,NA,NA,NA,1,0,0,0,0
"323","Helicopsyche","Trichoptera",0,0,1,0,0,NA,NA,NA,NA,NA,NA,NA,NA,NA,NA,NA,NA,NA,NA,NA,NA,NA,NA
"324","Helicopsyche","Trichoptera",0,0,1,0,0,NA,NA,NA,NA,NA,NA,NA,NA,NA,NA,NA,NA,NA,NA,NA,NA,NA,NA
"325","Helicopsyche","Trichoptera",0,0,1,0,0,NA,NA,NA,NA,NA,NA,NA,NA,NA,NA,NA,NA,NA,NA,NA,NA,NA,NA
"326","Helicopsyche","Trichoptera",0,0,1,0,0,NA,NA,NA,NA,NA,NA,NA,NA,NA,NA,NA,NA,NA,NA,NA,NA,NA,NA
"327","Helicopsyche","Trichoptera",0,0,1,0,0,NA,NA,NA,NA,NA,NA,NA,NA,NA,NA,NA,NA,NA,0,1,0,0,0
"328","Coenoria","Trichoptera",0,0,1,0,0,NA,NA,NA,NA,NA,NA,NA,NA,NA,NA,NA,NA,NA,NA,NA,NA,NA,NA
"329","Coenoria","Trichoptera",0,0,1,0,0,NA,NA,NA,NA,NA,NA,NA,NA,NA,NA,NA,NA,NA,NA,NA,NA,NA,NA
"330","Coenoria","Trichoptera",0,0,1,0,0,NA,NA,NA,NA,NA,NA,NA,NA,NA,NA,NA,NA,NA,NA,NA,NA,NA,NA
"331","Coenoria","Trichoptera",0,0,1,0,0,NA,NA,NA,NA,NA,NA,NA,NA,NA,NA,NA,NA,NA,0.5,0.5,0,0,0
"332","Conoesucus","Trichoptera",NA,NA,NA,NA,NA,NA,NA,NA,NA,NA,NA,NA,NA,NA,NA,NA,NA,NA,NA,NA,NA,NA,NA
"333","Conoesucus","Trichoptera",0,0,1,0,0,NA,NA,NA,NA,NA,NA,NA,NA,NA,NA,NA,NA,NA,NA,NA,NA,NA,NA
"334","Conoesucus","Trichoptera",0,0,1,0,0,NA,NA,NA,NA,NA,NA,NA,NA,NA,NA,NA,NA,NA,NA,NA,NA,NA,NA
"335","Conoesucus","Trichoptera",0,0,1,0,0,NA,NA,NA,NA,NA,NA,NA,NA,NA,NA,NA,NA,NA,NA,NA,NA,NA,NA
"336","Conoesucus","Trichoptera",0,0,1,0,0,NA,NA,NA,NA,NA,NA,NA,NA,NA,NA,NA,NA,NA,0.5,0.5,0,0,0
"337","Anisocentropus","Trichoptera",0,1,0,0,0,NA,NA,NA,NA,NA,NA,NA,NA,NA,NA,NA,NA,NA,NA,NA,NA,NA,NA
"338","Anisocentropus","Trichoptera",NA,NA,NA,NA,NA,0,0,0,0,1,0,0,0,1,0,0,0,0,1,0,0,0,0
"339","Aphilorheithrus","Trichoptera",1,0,0,0,0,NA,NA,NA,NA,NA,NA,NA,NA,NA,NA,NA,NA,NA,NA,NA,NA,NA,NA
"340","Aphilorheithrus","Trichoptera",1,0,0,0,0,NA,NA,NA,NA,NA,NA,NA,NA,NA,NA,NA,NA,NA,NA,NA,NA,NA,NA
"341","Aphilorheithrus","Trichoptera",1,0,0,0,0,NA,NA,NA,NA,NA,NA,NA,NA,NA,NA,NA,NA,NA,NA,NA,NA,NA,NA
"342","Aphilorheithrus","Trichoptera",1,0,0,0,0,NA,NA,NA,NA,NA,NA,NA,NA,NA,NA,NA,NA,NA,NA,NA,NA,NA,NA
"343","Aphilorheithrus","Trichoptera",1,0,0,0,0,NA,NA,NA,NA,NA,NA,NA,NA,NA,NA,NA,NA,NA,NA,NA,NA,NA,NA
"344","Aphilorheithrus","Trichoptera",1,0,0,0,0,NA,NA,NA,NA,NA,NA,NA,NA,NA,NA,NA,NA,NA,0,0,1,0,0
"345","Austrheithrus","Trichoptera",1,0,0,0,0,NA,NA,NA,NA,NA,NA,NA,NA,NA,NA,NA,NA,NA,NA,NA,NA,NA,NA
"346","Austrheithrus","Trichoptera",1,0,0,0,0,NA,NA,NA,NA,NA,NA,NA,NA,NA,NA,NA,NA,NA,0,0,1,0,0
"347","Atriplectides","Trichoptera",0,1,0,0,0,0,0,0,0,1,1,0,0,0,0,0,0,0,NA,NA,NA,NA,NA
"348","Atriplectides","Trichoptera",NA,NA,NA,NA,NA,NA,NA,NA,NA,NA,NA,NA,NA,NA,NA,NA,NA,NA,0,0,0.5,0.5,0
"349","Triplexa","Trichoptera",0,1,0,0,0,NA,NA,NA,NA,NA,NA,NA,NA,NA,NA,NA,NA,NA,NA,NA,NA,NA,NA
"350","Triplexa","Trichoptera",NA,NA,NA,NA,NA,NA,NA,NA,NA,NA,NA,NA,NA,NA,NA,NA,NA,NA,1,0,0,0,0
"351","Leptorussa","Trichoptera",0,1,0,0,0,NA,NA,NA,NA,NA,NA,NA,NA,NA,NA,NA,NA,NA,NA,NA,NA,NA,NA
"352","Leptorussa","Trichoptera",NA,NA,NA,NA,NA,NA,NA,NA,NA,NA,NA,NA,NA,NA,NA,NA,NA,NA,0,0.5,0.5,0,0
"353","Oecetis","Trichoptera",0,1,0,0,0,NA,NA,NA,NA,NA,NA,NA,NA,NA,NA,NA,NA,NA,NA,NA,NA,NA,NA
"354","Oecetis","Trichoptera",NA,NA,NA,NA,NA,0,0,1,0,0,0,0,0,1,0,0,0,0,NA,NA,NA,NA,NA
"355","Oecetis","Trichoptera",0,1,0,0,0,NA,NA,NA,NA,NA,NA,NA,NA,NA,NA,NA,NA,NA,NA,NA,NA,NA,NA
"356","Oecetis","Trichoptera",0,1,0,0,0,NA,NA,NA,NA,NA,NA,NA,NA,NA,NA,NA,NA,NA,NA,NA,NA,NA,NA
"357","Oecetis","Trichoptera",0,1,0,0,0,NA,NA,NA,NA,NA,NA,NA,NA,NA,NA,NA,NA,NA,NA,NA,NA,NA,NA
"358","Oecetis","Trichoptera",0,1,0,0,0,NA,NA,NA,NA,NA,NA,NA,NA,NA,NA,NA,NA,NA,NA,NA,NA,NA,NA
"359","Oecetis","Trichoptera",0,1,0,0,0,NA,NA,NA,NA,NA,NA,NA,NA,NA,NA,NA,NA,NA,NA,NA,NA,NA,NA
"360","Oecetis","Trichoptera",0,1,0,0,0,NA,NA,NA,NA,NA,NA,NA,NA,NA,NA,NA,NA,NA,NA,NA,NA,NA,NA
"361","Oecetis","Trichoptera",0,1,0,0,0,NA,NA,NA,NA,NA,NA,NA,NA,NA,NA,NA,NA,NA,NA,NA,NA,NA,NA
"362","Oecetis","Trichoptera",0,1,0,0,0,NA,NA,NA,NA,NA,NA,NA,NA,NA,NA,NA,NA,NA,NA,NA,NA,NA,NA
"363","Oecetis","Trichoptera",0,1,0,0,0,NA,NA,NA,NA,NA,NA,NA,NA,NA,NA,NA,NA,NA,NA,NA,NA,NA,NA
"364","Oecetis","Trichoptera",0,1,0,0,0,NA,NA,NA,NA,NA,NA,NA,NA,NA,NA,NA,NA,NA,NA,NA,NA,NA,NA
"365","Oecetis","Trichoptera",0,1,0,0,0,NA,NA,NA,NA,NA,NA,NA,NA,NA,NA,NA,NA,NA,0,0.5,0.5,0,0
"366","Triplectides","Trichoptera",0,0,0,1,0,NA,NA,NA,NA,NA,NA,NA,NA,NA,NA,NA,NA,NA,NA,NA,NA,NA,NA
"367","Triplectides","Trichoptera",0,0,0,1,0,0,0,1,0,0,0,0,0,1,0,0,0,0,NA,NA,NA,NA,NA
"368","Triplectides","Trichoptera",0,0,0,1,0,0,0,1,0,0,0,0,0,1,0,0,0,0,NA,NA,NA,NA,NA
"369","Triplectides","Trichoptera",0,0,0,1,0,0,0,1,0,0,0,0,0,1,0,0,0,0,NA,NA,NA,NA,NA
"370","Triplectides","Trichoptera",0,0,0,1,0,0,0,1,0,0,NA,NA,NA,NA,NA,NA,NA,NA,NA,NA,NA,NA,NA
"371","Triplectides","Trichoptera",0,0,0,1,0,0,0,1,0,0,NA,NA,NA,NA,NA,NA,NA,NA,NA,NA,NA,NA,NA
"372","Triplectides","Trichoptera",0,0,0,1,0,NA,NA,NA,NA,NA,NA,NA,NA,NA,NA,NA,NA,NA,NA,NA,NA,NA,NA
"373","Triplectides","Trichoptera",0,0,0,1,0,0,0,1,0,0,0,0,0,1,0,0,0,0,NA,NA,NA,NA,NA
"374","Triplectides","Trichoptera",0,0,0,1,0,NA,NA,NA,NA,NA,NA,NA,NA,NA,NA,NA,NA,NA,NA,NA,NA,NA,NA
"375","Triplectides","Trichoptera",0,0,0,1,0,NA,NA,NA,NA,NA,NA,NA,NA,NA,NA,NA,NA,NA,NA,NA,NA,NA,NA
"376","Triplectides","Trichoptera",0,0,0,1,0,0,0,1,0,0,0,0,0,1,0,0,0,0,NA,NA,NA,NA,NA
"377","Triplectides","Trichoptera",0,0,0,1,0,NA,NA,NA,NA,NA,NA,NA,NA,NA,NA,NA,NA,NA,0.333333333333333,0.333333333333333,0.333333333333333,0,0
"378","Asmicridea","Trichoptera",0,0,0,0,1,NA,NA,NA,NA,NA,NA,NA,NA,NA,NA,NA,NA,NA,NA,NA,NA,NA,NA
"379","Asmicridea","Trichoptera",0,0,0,0,1,NA,NA,NA,NA,NA,NA,NA,NA,NA,NA,NA,NA,NA,NA,NA,NA,NA,NA
"380","Asmicridea","Trichoptera",0,0,0,0,1,NA,NA,NA,NA,NA,NA,NA,NA,NA,NA,NA,NA,NA,0,0,0,0,1
"381","Cheumatopsyche","Trichoptera",NA,NA,NA,NA,NA,NA,NA,NA,NA,NA,NA,NA,NA,NA,NA,NA,NA,NA,NA,NA,NA,NA,NA
"382","Cheumatopsyche","Trichoptera",0,0,0,0,1,NA,NA,NA,NA,NA,NA,NA,NA,NA,NA,NA,NA,NA,NA,NA,NA,NA,NA
"383","Cheumatopsyche","Trichoptera",0,0,0,0,1,0,1,0,0,0,0,0,0,0,0,0,0,1,NA,NA,NA,NA,NA
"384","Cheumatopsyche","Trichoptera",0,0,0,0,1,NA,NA,NA,NA,NA,NA,NA,NA,NA,NA,NA,NA,NA,NA,NA,NA,NA,NA
"385","Cheumatopsyche","Trichoptera",0,0,0,0,1,NA,NA,NA,NA,NA,NA,NA,NA,NA,NA,NA,NA,NA,NA,NA,NA,NA,NA
"386","Cheumatopsyche","Trichoptera",0,0,0,0,1,NA,NA,NA,NA,NA,NA,NA,NA,NA,NA,NA,NA,NA,NA,NA,NA,NA,NA
"387","Cheumatopsyche","Trichoptera",0,0,0,0,1,NA,NA,NA,NA,NA,NA,NA,NA,NA,NA,NA,NA,NA,0,0,0,0,1
"388","Diplectrona","Trichoptera",0,0,0,0,1,NA,NA,NA,NA,NA,NA,NA,NA,NA,NA,NA,NA,NA,NA,NA,NA,NA,NA
"389","Diplectrona","Trichoptera",0,0,0,0,1,NA,NA,NA,NA,NA,NA,NA,NA,NA,NA,NA,NA,NA,NA,NA,NA,NA,NA
"390","Diplectrona","Trichoptera",0,0,0,0,1,NA,NA,NA,NA,NA,NA,NA,NA,NA,NA,NA,NA,NA,NA,NA,NA,NA,NA
"391","Diplectrona","Trichoptera",0,0,0,0,1,NA,NA,NA,NA,NA,NA,NA,NA,NA,NA,NA,NA,NA,0,0,0,0,1
"392","Hydrobiosella","Trichoptera",0,0,1,0,0,NA,NA,NA,NA,NA,NA,NA,NA,NA,NA,NA,NA,NA,NA,NA,NA,NA,NA
"393","Hydrobiosella","Trichoptera",0,0,1,0,0,NA,NA,NA,NA,NA,NA,NA,NA,NA,NA,NA,NA,NA,NA,NA,NA,NA,NA
"394","Hydrobiosella","Trichoptera",0,0,1,0,0,NA,NA,NA,NA,NA,NA,NA,NA,NA,NA,NA,NA,NA,NA,NA,NA,NA,NA
"395","Hydrobiosella","Trichoptera",0,0,1,0,0,NA,NA,NA,NA,NA,NA,NA,NA,NA,NA,NA,NA,NA,NA,NA,NA,NA,NA
"396","Hydrobiosella","Trichoptera",0,0,1,0,0,NA,NA,NA,NA,NA,NA,NA,NA,NA,NA,NA,NA,NA,NA,NA,NA,NA,NA
"397","Hydrobiosella","Trichoptera",0,0,1,0,0,NA,NA,NA,NA,NA,NA,NA,NA,NA,NA,NA,NA,NA,NA,NA,NA,NA,NA
"398","Hydrobiosella","Trichoptera",0,0,1,0,0,NA,NA,NA,NA,NA,NA,NA,NA,NA,NA,NA,NA,NA,0,0,0,0,1
"399","Chimarra","Trichoptera",0,0,1,0,0,NA,NA,NA,NA,NA,NA,NA,NA,NA,NA,NA,NA,NA,NA,NA,NA,NA,NA
"400","Chimarra","Trichoptera",0,0,1,0,0,NA,NA,NA,NA,NA,NA,NA,NA,NA,NA,NA,NA,NA,NA,NA,NA,NA,NA
"401","Chimarra","Trichoptera",NA,NA,NA,NA,NA,NA,NA,NA,NA,NA,NA,NA,NA,NA,NA,NA,NA,NA,0,0,0,0,1
"402","Ecnomina","Trichoptera",0,0,0,0,1,NA,NA,NA,NA,NA,NA,NA,NA,NA,NA,NA,NA,NA,NA,NA,NA,NA,NA
"403","Ecnomina","Trichoptera",0,0,0,0,1,NA,NA,NA,NA,NA,NA,NA,NA,NA,NA,NA,NA,NA,NA,NA,NA,NA,NA
"404","Ecnomina","Trichoptera",0,0,0,0,1,NA,NA,NA,NA,NA,NA,NA,NA,NA,NA,NA,NA,NA,NA,NA,NA,NA,NA
"405","Ecnomina","Trichoptera",0,0,0,0,1,NA,NA,NA,NA,NA,NA,NA,NA,NA,NA,NA,NA,NA,NA,NA,NA,NA,NA
"406","Ecnomina","Trichoptera",0,0,0,0,1,NA,NA,NA,NA,NA,NA,NA,NA,NA,NA,NA,NA,NA,NA,NA,NA,NA,NA
"407","Ecnomina","Trichoptera",0,0,0,0,1,NA,NA,NA,NA,NA,NA,NA,NA,NA,NA,NA,NA,NA,NA,NA,NA,NA,NA
"408","Ecnomina","Trichoptera",0,0,0,0,1,NA,NA,NA,NA,NA,NA,NA,NA,NA,NA,NA,NA,NA,NA,NA,NA,NA,NA
"409","Ecnomina","Trichoptera",0,0,0,0,1,NA,NA,NA,NA,NA,NA,NA,NA,NA,NA,NA,NA,NA,NA,NA,NA,NA,NA
"410","Ecnomina","Trichoptera",0,0,0,0,1,NA,NA,NA,NA,NA,NA,NA,NA,NA,NA,NA,NA,NA,NA,NA,NA,NA,NA
"411","Ecnomina","Trichoptera",0,0,0,0,1,NA,NA,NA,NA,NA,NA,NA,NA,NA,NA,NA,NA,NA,NA,NA,NA,NA,NA
"412","Ecnomina","Trichoptera",0,0,0,0,1,NA,NA,NA,NA,NA,NA,NA,NA,NA,NA,NA,NA,NA,NA,NA,NA,NA,NA
"413","Ecnomina","Trichoptera",0,0,0,0,1,NA,NA,NA,NA,NA,NA,NA,NA,NA,NA,NA,NA,NA,NA,NA,NA,NA,NA
"414","Ecnomina","Trichoptera",0,0,0,0,1,NA,NA,NA,NA,NA,NA,NA,NA,NA,NA,NA,NA,NA,NA,NA,NA,NA,NA
"415","Ecnomina","Trichoptera",0,0,0,0,1,NA,NA,NA,NA,NA,NA,NA,NA,NA,NA,NA,NA,NA,NA,NA,NA,NA,NA
"416","Ecnomina","Trichoptera",0,0,0,0,1,NA,NA,NA,NA,NA,NA,NA,NA,NA,NA,NA,NA,NA,NA,NA,NA,NA,NA
"417","Ecnomina","Trichoptera",0,0,0,0,1,NA,NA,NA,NA,NA,NA,NA,NA,NA,NA,NA,NA,NA,NA,NA,NA,NA,NA
"418","Ecnomina","Trichoptera",0,0,0,0,1,NA,NA,NA,NA,NA,NA,NA,NA,NA,NA,NA,NA,NA,NA,NA,NA,NA,NA
"419","Ecnomina","Trichoptera",0,0,0,0,1,NA,NA,NA,NA,NA,NA,NA,NA,NA,NA,NA,NA,NA,NA,NA,NA,NA,NA
"420","Ecnomina","Trichoptera",0,0,0,0,1,NA,NA,NA,NA,NA,NA,NA,NA,NA,NA,NA,NA,NA,NA,NA,NA,NA,NA
"421","Ecnomina","Trichoptera",0,0,0,0,1,NA,NA,NA,NA,NA,NA,NA,NA,NA,NA,NA,NA,NA,NA,NA,NA,NA,NA
"422","Ecnomina","Trichoptera",0,0,0,0,1,NA,NA,NA,NA,NA,NA,NA,NA,NA,NA,NA,NA,NA,0,0,1,0,0
"423","Daternomina","Trichoptera",NA,NA,NA,NA,NA,NA,NA,NA,NA,NA,NA,NA,NA,NA,NA,NA,NA,NA,0,0,1,0,0
"424","Ecnomus","Trichoptera",NA,NA,NA,NA,NA,0,0,0,1,0,1,0,0,0,0,0,0,0,NA,NA,NA,NA,NA
"425","Ecnomus","Trichoptera",NA,NA,NA,NA,NA,0,0,0,1,0,1,0,0,0,0,0,0,0,NA,NA,NA,NA,NA
"426","Ecnomus","Trichoptera",NA,NA,NA,NA,NA,0,0,0,1,0,NA,NA,NA,NA,NA,NA,NA,NA,NA,NA,NA,NA,NA
"427","Ecnomus","Trichoptera",NA,NA,NA,NA,NA,0,0,0,1,0,1,0,0,0,0,0,0,0,NA,NA,NA,NA,NA
"428","Ecnomus","Trichoptera",NA,NA,NA,NA,NA,0,0,0,1,0,1,0,0,0,0,0,0,0,NA,NA,NA,NA,NA
"429","Ecnomus","Trichoptera",NA,NA,NA,NA,NA,0,0,0,1,0,1,0,0,0,0,0,0,0,NA,NA,NA,NA,NA
"430","Ecnomus","Trichoptera",NA,NA,NA,NA,NA,NA,NA,NA,NA,NA,NA,NA,NA,NA,NA,NA,NA,NA,0,0.5,0.5,0,0
"431","Ecnomus","Trichoptera",NA,NA,NA,NA,NA,0,0,0,1,0,1,0,0,0,0,0,0,0,0,0.5,0.5,0,0
"432","Austrotinodes","Trichoptera",NA,NA,NA,NA,NA,NA,NA,NA,NA,NA,NA,NA,NA,NA,NA,NA,NA,NA,0,0,1,0,0
"433","Austrotinodes","Trichoptera",0,0,0,0,1,NA,NA,NA,NA,NA,NA,NA,NA,NA,NA,NA,NA,NA,0,0,1,0,0
"434","Neureclipsis","Trichoptera",1,0,0,0,0,NA,NA,NA,NA,NA,NA,NA,NA,NA,NA,NA,NA,NA,NA,NA,NA,NA,NA
"435","Neureclipsis","Trichoptera",NA,NA,NA,NA,NA,NA,NA,NA,NA,NA,NA,NA,NA,NA,NA,NA,NA,NA,0,0,0,0,1
"436","Microvelia","Hemiptera",1,0,0,0,0,NA,NA,NA,NA,NA,NA,NA,NA,NA,NA,NA,NA,NA,NA,NA,NA,NA,NA
"437","Microvelia","Hemiptera",1,0,0,0,0,NA,NA,NA,NA,NA,NA,NA,NA,NA,NA,NA,NA,NA,NA,NA,NA,NA,NA
"438","Microvelia","Hemiptera",1,0,0,0,0,0,0,0,1,0,0,1,0,0,0,0,0,0,NA,NA,NA,NA,NA
"439","Microvelia","Hemiptera",1,0,0,0,0,0,0,0,1,0,0,1,0,0,0,0,0,0,NA,NA,NA,NA,NA
"440","Microvelia","Hemiptera",NA,NA,NA,NA,NA,NA,NA,NA,NA,NA,0,1,0,0,0,0,0,0,0,0,1,0,0
"441","Microvelia","Hemiptera",NA,NA,NA,NA,NA,0,0,0,1,0,NA,NA,NA,NA,NA,NA,NA,NA,NA,NA,NA,NA,NA
"442","Limnogonus","Hemiptera",NA,NA,NA,NA,NA,NA,NA,NA,NA,NA,NA,NA,NA,NA,NA,NA,NA,NA,0,0,1,0,0
"443","Limnogonus","Hemiptera",NA,NA,NA,NA,NA,0,0,0,1,0,NA,NA,NA,NA,NA,NA,NA,NA,0,0,1,0,0
"444","Aquarius","Hemiptera",NA,NA,NA,NA,NA,0,0,0,1,0,NA,NA,NA,NA,NA,NA,NA,NA,NA,NA,NA,NA,NA
"445","Aquarius","Hemiptera",NA,NA,NA,NA,NA,NA,NA,NA,NA,NA,NA,NA,NA,NA,NA,NA,NA,NA,0,0,1,0,0
"446","Hydrometra","Hemiptera",1,0,0,0,0,NA,NA,NA,NA,NA,NA,NA,NA,NA,NA,NA,NA,NA,0,0,1,0,0
"447","Hebrus","Hemiptera",NA,NA,NA,NA,NA,NA,NA,NA,NA,NA,NA,NA,NA,NA,NA,NA,NA,NA,0,0,1,0,0
"448","Hebrus","Hemiptera",NA,NA,NA,NA,NA,0,0,0,1,0,0,1,0,0,0,0,0,0,0,0,1,0,0
"449","Mesovelia","Hemiptera",NA,NA,NA,NA,NA,NA,NA,NA,NA,NA,NA,NA,NA,NA,NA,NA,NA,NA,0,0,1,0,0
"450","Mesovelia","Hemiptera",NA,NA,NA,NA,NA,0,0,0,1,0,0,1,0,0,0,0,0,0,0,0,1,0,0
"451","Cryptostemma","Hemiptera",NA,NA,NA,NA,NA,NA,NA,NA,NA,NA,NA,NA,NA,NA,NA,NA,NA,NA,0,0,1,0,0
"452","Aphelocheirus","Hemiptera",NA,NA,NA,NA,NA,NA,NA,NA,NA,NA,NA,NA,NA,NA,NA,NA,NA,NA,0,0,1,0,0
"453","Enithares","Hemiptera",NA,NA,NA,NA,NA,0,0,0,1,0,0,1,0,0,0,0,0,0,NA,NA,NA,NA,NA
"454","Enithares","Hemiptera",NA,NA,NA,NA,NA,NA,NA,NA,NA,NA,0,1,0,0,0,0,0,0,NA,NA,NA,NA,NA
"455","Enithares","Hemiptera",1,0,0,0,0,NA,NA,NA,NA,NA,0,1,0,0,0,0,0,0,NA,NA,NA,NA,NA
"456","Enithares","Hemiptera",NA,NA,NA,NA,NA,NA,NA,NA,NA,NA,0,1,0,0,0,0,0,0,0,0,1,0,0
"457","Nerthra","Hemiptera",NA,NA,NA,NA,NA,NA,NA,NA,NA,NA,NA,NA,NA,NA,NA,NA,NA,NA,0,0,1,0,0
"458","Ranatra","Hemiptera",NA,NA,NA,NA,NA,NA,NA,NA,NA,NA,NA,NA,NA,NA,NA,NA,NA,NA,0,0,1,0,0
"459","Ranatra","Hemiptera",NA,NA,NA,NA,NA,0,0,0,1,0,0,1,0,0,0,0,0,0,0,0,1,0,0
"460","Sigara","Hemiptera",1,0,0,0,0,0,0,1,0,0,1,0,0,0,0,0,0,0,NA,NA,NA,NA,NA
"461","Sigara","Hemiptera",1,0,0,0,0,0,0,1,0,0,1,0,0,0,0,0,0,0,NA,NA,NA,NA,NA
"462","Sigara","Hemiptera",1,0,0,0,0,0,0,1,0,0,1,0,0,0,0,0,0,0,NA,NA,NA,NA,NA
"463","Sigara","Hemiptera",NA,NA,NA,NA,NA,NA,NA,NA,NA,NA,1,0,0,0,0,0,0,0,NA,NA,NA,NA,NA
"464","Sigara","Hemiptera",NA,NA,NA,NA,NA,NA,NA,NA,NA,NA,1,0,0,0,0,0,0,0,0,0,0,1,0
"465","Saldula","Hemiptera",NA,NA,NA,NA,NA,0,0,0,1,0,NA,NA,NA,NA,NA,NA,NA,NA,NA,NA,NA,NA,NA
"466","Saldula","Hemiptera",NA,NA,NA,NA,NA,NA,NA,NA,NA,NA,NA,NA,NA,NA,NA,NA,NA,NA,0,0,1,0,0
"467","Saldula","Hemiptera",NA,NA,NA,NA,NA,0,0,0,1,0,0,1,0,0,0,0,0,0,0,0,1,0,0
"468","Ischnura","Odonata",NA,NA,NA,NA,NA,0,0,0,1,0,0,1,0,0,0,0,0,0,NA,NA,NA,NA,NA
"469","Ischnura","Odonata",1,0,0,0,0,0,0,0,1,0,0,1,0,0,0,0,0,0,NA,NA,NA,NA,NA
"470","Ischnura","Odonata",NA,NA,NA,NA,NA,0,0,0,1,0,0,1,0,0,0,0,0,0,0,0,1,0,0
"471","Coenagrion","Odonata",NA,NA,NA,NA,NA,NA,NA,NA,NA,NA,NA,NA,NA,NA,NA,NA,NA,NA,0,0,1,0,0
"472","Austrolestes","Odonata",1,0,0,0,0,0,0,0,1,0,0,1,0,0,0,0,0,0,NA,NA,NA,NA,NA
"473","Austrolestes","Odonata",NA,NA,NA,NA,NA,0,0,0,1,0,0,1,0,0,0,0,0,0,NA,NA,NA,NA,NA
"474","Austrolestes","Odonata",NA,NA,NA,NA,NA,0,0,0,1,0,0,1,0,0,0,0,0,0,NA,NA,NA,NA,NA
"475","Austrolestes","Odonata",NA,NA,NA,NA,NA,0,0,0,1,0,0,1,0,0,0,0,0,0,NA,NA,NA,NA,NA
"476","Austrolestes","Odonata",NA,NA,NA,NA,NA,0,0,0,1,0,0,1,0,0,0,0,0,0,NA,NA,NA,NA,NA
"477","Austrolestes","Odonata",NA,NA,NA,NA,NA,NA,NA,NA,NA,NA,NA,NA,NA,NA,NA,NA,NA,NA,0,0,1,0,0
"478","Synlestes","Odonata",1,0,0,0,0,NA,NA,NA,NA,NA,NA,NA,NA,NA,NA,NA,NA,NA,NA,NA,NA,NA,NA
"479","Synlestes","Odonata",1,0,0,0,0,NA,NA,NA,NA,NA,NA,NA,NA,NA,NA,NA,NA,NA,NA,NA,NA,NA,NA
"480","Synlestes","Odonata",NA,NA,NA,NA,NA,NA,NA,NA,NA,NA,NA,NA,NA,NA,NA,NA,NA,NA,0,0,1,0,0
"481","Austrogomphus","Odonata",1,0,0,0,0,0,0,0,1,0,0,1,0,0,0,0,0,0,NA,NA,NA,NA,NA
"482","Austrogomphus","Odonata",1,0,0,0,0,NA,NA,NA,NA,NA,NA,NA,NA,NA,NA,NA,NA,NA,NA,NA,NA,NA,NA
"483","Austrogomphus","Odonata",1,0,0,0,0,0,0,0,1,0,0,1,0,0,0,0,0,0,NA,NA,NA,NA,NA
"484","Austrogomphus","Odonata",1,0,0,0,0,0,0,0,1,0,NA,NA,NA,NA,NA,NA,NA,NA,NA,NA,NA,NA,NA
"485","Austrogomphus","Odonata",NA,NA,NA,NA,NA,NA,NA,NA,NA,NA,NA,NA,NA,NA,NA,NA,NA,NA,0,0,1,0,0
"486","Hemigomphus","Odonata",1,0,0,0,0,0,0,0,1,0,0,1,0,0,0,0,0,0,NA,NA,NA,NA,NA
"487","Hemigomphus","Odonata",1,0,0,0,0,NA,NA,NA,NA,NA,NA,NA,NA,NA,NA,NA,NA,NA,NA,NA,NA,NA,NA
"488","Hemigomphus","Odonata",1,0,0,0,0,NA,NA,NA,NA,NA,NA,NA,NA,NA,NA,NA,NA,NA,NA,NA,NA,NA,NA
"489","Hemigomphus","Odonata",NA,NA,NA,NA,NA,NA,NA,NA,NA,NA,NA,NA,NA,NA,NA,NA,NA,NA,0,0,1,0,0
"490","Orthetrum","Odonata",1,0,0,0,0,0,0,0,1,0,0,1,0,0,0,0,0,0,NA,NA,NA,NA,NA
"491","Orthetrum","Odonata",NA,NA,NA,NA,NA,NA,NA,NA,NA,NA,NA,NA,NA,NA,NA,NA,NA,NA,0,0,1,0,0
"492","Agrionoptera","Odonata",NA,NA,NA,NA,NA,NA,NA,NA,NA,NA,NA,NA,NA,NA,NA,NA,NA,NA,0,0,1,0,0
"493","Nannophya","Odonata",NA,NA,NA,NA,NA,NA,NA,NA,NA,NA,0,1,0,0,0,0,0,0,NA,NA,NA,NA,NA
"494","Diplacodes","Odonata",NA,NA,NA,NA,NA,0,0,0,1,0,0,1,0,0,0,0,0,0,NA,NA,NA,NA,NA
"495","Diplacodes","Odonata",NA,NA,NA,NA,NA,0,0,0,1,0,0,1,0,0,0,0,0,0,NA,NA,NA,NA,NA
"496","Diplacodes","Odonata",NA,NA,NA,NA,NA,NA,NA,NA,NA,NA,NA,NA,NA,NA,NA,NA,NA,NA,0,0,1,0,0
"497","Diplacodes","Odonata",NA,NA,NA,NA,NA,0,0,0,1,0,NA,NA,NA,NA,NA,NA,NA,NA,0,0,1,0,0
"498","Nannodiplax","Odonata",NA,NA,NA,NA,NA,NA,NA,NA,NA,NA,NA,NA,NA,NA,NA,NA,NA,NA,0,0,1,0,0
"499","Crocothemis","Odonata",NA,NA,NA,NA,NA,0,0,0,1,0,NA,NA,NA,NA,NA,NA,NA,NA,NA,NA,NA,NA,NA
"500","Zyxomma","Odonata",NA,NA,NA,NA,NA,NA,NA,NA,NA,NA,NA,NA,NA,NA,NA,NA,NA,NA,0,0,1,0,0
"501","Nannophlebia","Odonata",1,0,0,0,0,NA,NA,NA,NA,NA,NA,NA,NA,NA,NA,NA,NA,NA,NA,NA,NA,NA,NA
"502","Nannophlebia","Odonata",NA,NA,NA,NA,NA,NA,NA,NA,NA,NA,NA,NA,NA,NA,NA,NA,NA,NA,0,0,1,0,0
"503","Procordulia","Odonata",1,NA,NA,NA,NA,NA,NA,NA,1,NA,NA,NA,NA,NA,NA,NA,NA,NA,NA,NA,NA,NA,NA
"504","Procordulia","Odonata",NA,NA,NA,NA,NA,NA,NA,NA,NA,NA,NA,NA,NA,NA,NA,NA,NA,NA,0,0,1,0,0
"505","Hemicordulia","Odonata",1,NA,NA,NA,NA,NA,NA,NA,NA,NA,NA,NA,NA,NA,NA,NA,NA,NA,NA,NA,NA,NA,NA
"506","Hemicordulia","Odonata",NA,NA,NA,NA,NA,NA,NA,NA,NA,NA,0,1,0,0,0,0,0,0,NA,NA,NA,NA,NA
"507","Hemicordulia","Odonata",1,NA,NA,NA,NA,NA,NA,NA,1,NA,NA,1,NA,NA,NA,NA,NA,NA,NA,NA,NA,NA,NA
"508","Hemicordulia","Odonata",NA,NA,NA,NA,NA,NA,NA,NA,NA,NA,NA,NA,NA,NA,NA,NA,NA,NA,0,0,1,0,0
"509","Cordulephya","Odonata",NA,NA,NA,NA,NA,NA,NA,NA,NA,NA,NA,NA,NA,NA,NA,NA,NA,NA,0,0,1,0,0
"510","Austrocordulia","Odonata",1,NA,NA,NA,NA,NA,NA,NA,NA,NA,NA,NA,NA,NA,NA,NA,NA,NA,NA,NA,NA,NA,NA
"511","Austrocordulia","Odonata",NA,NA,NA,NA,NA,NA,NA,NA,NA,NA,NA,NA,NA,NA,NA,NA,NA,NA,0,0,1,0,0
"512","Eusynthemis","Odonata",1,NA,NA,NA,NA,NA,NA,NA,NA,NA,NA,NA,NA,NA,NA,NA,NA,NA,NA,NA,NA,NA,NA
"513","Eusynthemis","Odonata",1,NA,NA,NA,NA,NA,NA,NA,NA,NA,NA,NA,NA,NA,NA,NA,NA,NA,NA,NA,NA,NA,NA
"514","Eusynthemis","Odonata",1,0,0,0,0,NA,NA,NA,NA,NA,NA,NA,NA,NA,NA,NA,NA,NA,NA,NA,NA,NA,NA
"515","Eusynthemis","Odonata",1,NA,NA,NA,NA,NA,NA,NA,NA,NA,NA,NA,NA,NA,NA,NA,NA,NA,NA,NA,NA,NA,NA
"516","Eusynthemis","Odonata",NA,NA,NA,NA,NA,NA,NA,NA,NA,NA,NA,NA,NA,NA,NA,NA,NA,NA,0,0,1,0,0
"517","Choristhemis","Odonata",NA,NA,NA,NA,NA,NA,NA,NA,NA,NA,NA,NA,NA,NA,NA,NA,NA,NA,0,0,1,0,0
"518","Synthemis","Odonata",1,NA,NA,NA,NA,NA,NA,NA,1,NA,NA,1,NA,NA,NA,NA,NA,NA,NA,NA,NA,NA,NA
"519","Synthemis","Odonata",NA,NA,NA,NA,NA,NA,NA,NA,NA,NA,NA,NA,NA,NA,NA,NA,NA,NA,0,0,1,0,0
"520","Austroaeschna","Odonata",1,NA,NA,NA,NA,NA,NA,NA,NA,NA,NA,NA,NA,NA,NA,NA,NA,NA,NA,NA,NA,NA,NA
"521","Austroaeschna","Odonata",1,NA,NA,NA,NA,NA,NA,NA,NA,NA,NA,NA,NA,NA,NA,NA,NA,NA,NA,NA,NA,NA,NA
"522","Austroaeschna","Odonata",1,NA,NA,NA,NA,NA,NA,NA,NA,NA,NA,NA,NA,NA,NA,NA,NA,NA,NA,NA,NA,NA,NA
"523","Austroaeschna","Odonata",1,NA,NA,NA,NA,NA,NA,NA,NA,NA,NA,NA,NA,NA,NA,NA,NA,NA,NA,NA,NA,NA,NA
"524","Austroaeschna","Odonata",1,NA,NA,NA,NA,NA,NA,NA,1,NA,NA,1,NA,NA,NA,NA,NA,NA,NA,NA,NA,NA,NA
"525","Austroaeschna","Odonata",1,NA,NA,NA,NA,NA,NA,NA,NA,NA,NA,NA,NA,NA,NA,NA,NA,NA,NA,NA,NA,NA,NA
"526","Austroaeschna","Odonata",1,NA,NA,NA,NA,NA,NA,NA,NA,NA,NA,NA,NA,NA,NA,NA,NA,NA,NA,NA,NA,NA,NA
"527","Austroaeschna","Odonata",1,NA,NA,NA,NA,NA,NA,NA,1,NA,NA,1,NA,NA,NA,NA,NA,NA,NA,NA,NA,NA,NA
"528","Austroaeschna","Odonata",NA,NA,NA,NA,NA,0,0,0,1,0,0,1,0,0,0,0,0,0,0,0,1,0,0
"529","Telephlebia","Odonata",1,NA,NA,NA,NA,NA,NA,NA,1,NA,NA,1,NA,NA,NA,NA,NA,NA,NA,NA,NA,NA,NA
"530","Aeshna","Odonata",NA,NA,NA,NA,NA,0,0,0,1,0,0,1,0,0,0,0,0,0,NA,NA,NA,NA,NA
"531","Anax","Odonata",NA,NA,NA,NA,NA,NA,NA,NA,NA,NA,NA,NA,NA,NA,NA,NA,NA,NA,0,0,1,0,0
"532","Austrogynacantha","Odonata",NA,NA,NA,NA,NA,NA,NA,NA,NA,NA,NA,NA,NA,NA,NA,NA,NA,NA,0,0,1,0,0
"533","Tasmanophlebia","Ephemeroptera",0,1,0,0,0,NA,NA,NA,NA,NA,NA,NA,NA,NA,NA,NA,NA,NA,NA,NA,NA,NA,NA
"534","Tasmanophlebia","Ephemeroptera",0,1,0,0,0,NA,NA,NA,NA,NA,NA,NA,NA,NA,NA,NA,NA,NA,NA,NA,NA,NA,NA
"535","Tasmanophlebia","Ephemeroptera",0,1,0,0,0,NA,NA,NA,NA,NA,NA,NA,NA,NA,NA,NA,NA,NA,0,0,0,1,0
"536","Centroptilum","Ephemeroptera",NA,NA,NA,NA,NA,1,0,0,0,0,1,0,0,0,0,0,0,0,NA,NA,NA,NA,NA
"537","Centroptilum","Ephemeroptera",0,0,1,0,0,NA,NA,NA,NA,NA,NA,NA,NA,NA,NA,NA,NA,NA,0,0,0,1,0
